<?xml version="1.0" encoding="UTF-8"?>
<metadata xml:lang="pt"><Esri><CreaDate>20180830</CreaDate><CreaTime>23310500</CreaTime><ArcGISFormat>1.0</ArcGISFormat><SyncOnce>FALSE</SyncOnce><DataProperties><lineage><Process ToolSource="c:\program files (x86)\arcgis\desktop10.3\ArcToolbox\Toolboxes\Data Management Tools.tbx\CalculateField" Date="20180530" Time="220007">CalculateField bk_ieda_lem_v2 Jun_2017 "soil" VB #</Process><Process ToolSource="c:\program files (x86)\arcgis\desktop10.3\ArcToolbox\Toolboxes\Data Management Tools.tbx\CalculateField" Date="20180530" Time="220034">CalculateField bk_ieda_lem_v2 Jun_2017 "turfgrass" VB #</Process><Process ToolSource="c:\program files (x86)\arcgis\desktop10.3\ArcToolbox\Toolboxes\Data Management Tools.tbx\CalculateField" Date="20180530" Time="220244">CalculateField bk_ieda_lem_v2 Jun_2017 "sorghum" VB #</Process><Process ToolSource="c:\program files (x86)\arcgis\desktop10.3\ArcToolbox\Toolboxes\Data Management Tools.tbx\CalculateField" Date="20180530" Time="220331">CalculateField bk_ieda_lem_v2 Jun_2017 "crotalari" VB #</Process><Process ToolSource="c:\program files (x86)\arcgis\desktop10.3\ArcToolbox\Toolboxes\Data Management Tools.tbx\CalculateField" Date="20180530" Time="220338">CalculateField bk_ieda_lem_v2 Jul_2017 "crotalari" VB #</Process><Process ToolSource="c:\program files (x86)\arcgis\desktop10.3\ArcToolbox\Toolboxes\Data Management Tools.tbx\CalculateField" Date="20180530" Time="220408">CalculateField bk_ieda_lem_v2 Jun_2017 "opened area" VB #</Process><Process ToolSource="c:\program files (x86)\arcgis\desktop10.3\ArcToolbox\Toolboxes\Data Management Tools.tbx\CalculateField" Date="20180530" Time="220416">CalculateField bk_ieda_lem_v2 Jul_2017 "opened area" VB #</Process><Process ToolSource="c:\program files (x86)\arcgis\desktop10.3\ArcToolbox\Toolboxes\Data Management Tools.tbx\CalculateField" Date="20180530" Time="220423">CalculateField bk_ieda_lem_v2 Ago_2017 "opened area" VB #</Process><Process ToolSource="c:\program files (x86)\arcgis\desktop10.3\ArcToolbox\Toolboxes\Data Management Tools.tbx\CalculateField" Date="20180530" Time="220431">CalculateField bk_ieda_lem_v2 Sep_2017 "opened area" VB #</Process><Process ToolSource="c:\program files (x86)\arcgis\desktop10.3\ArcToolbox\Toolboxes\Data Management Tools.tbx\CalculateField" Date="20180530" Time="220439">CalculateField bk_ieda_lem_v2 Out_2017 "opened area" VB #</Process><Process ToolSource="c:\program files (x86)\arcgis\desktop10.3\ArcToolbox\Toolboxes\Data Management Tools.tbx\CalculateField" Date="20180530" Time="220457">CalculateField bk_ieda_lem_v2 Nov_2017 "opened area" VB #</Process><Process ToolSource="c:\program files (x86)\arcgis\desktop10.3\ArcToolbox\Toolboxes\Data Management Tools.tbx\CalculateField" Date="20180530" Time="220504">CalculateField bk_ieda_lem_v2 Dec_2017 "opened area" VB #</Process><Process ToolSource="c:\program files (x86)\arcgis\desktop10.3\ArcToolbox\Toolboxes\Data Management Tools.tbx\CalculateField" Date="20180530" Time="220512">CalculateField bk_ieda_lem_v2 Jan_2018 "opened area" VB #</Process><Process ToolSource="c:\program files (x86)\arcgis\desktop10.3\ArcToolbox\Toolboxes\Data Management Tools.tbx\CalculateField" Date="20180530" Time="220519">CalculateField bk_ieda_lem_v2 Feb_2018 "opened area" VB #</Process><Process ToolSource="c:\program files (x86)\arcgis\desktop10.3\ArcToolbox\Toolboxes\Data Management Tools.tbx\CalculateField" Date="20180530" Time="220547">CalculateField bk_ieda_lem_v2 Jun_2017 "coffee" VB #</Process><Process ToolSource="c:\program files (x86)\arcgis\desktop10.3\ArcToolbox\Toolboxes\Data Management Tools.tbx\CalculateField" Date="20180530" Time="220553">CalculateField bk_ieda_lem_v2 Jul_2017 "coffee" VB #</Process><Process ToolSource="c:\program files (x86)\arcgis\desktop10.3\ArcToolbox\Toolboxes\Data Management Tools.tbx\CalculateField" Date="20180530" Time="220600">CalculateField bk_ieda_lem_v2 Ago_2017 "coffee" VB #</Process><Process ToolSource="c:\program files (x86)\arcgis\desktop10.3\ArcToolbox\Toolboxes\Data Management Tools.tbx\CalculateField" Date="20180530" Time="220646">CalculateField bk_ieda_lem_v2 Jun_2017 "hay" VB #</Process><Process ToolSource="c:\program files (x86)\arcgis\desktop10.3\ArcToolbox\Toolboxes\Data Management Tools.tbx\CalculateField" Date="20180530" Time="220712">CalculateField bk_ieda_lem_v2 Jun_2017 "grass" VB #</Process><Process ToolSource="c:\program files (x86)\arcgis\desktop10.3\ArcToolbox\Toolboxes\Data Management Tools.tbx\CalculateField" Date="20180530" Time="220749">CalculateField bk_ieda_lem_v2 Jun_2017 "soybean" VB #</Process><Process ToolSource="c:\program files (x86)\arcgis\desktop10.3\ArcToolbox\Toolboxes\Data Management Tools.tbx\CalculateField" Date="20180530" Time="220918">CalculateField bk_ieda_lem_v2 Jun_2017 "ncc" VB #</Process><Process ToolSource="c:\program files (x86)\arcgis\desktop10.3\ArcToolbox\Toolboxes\Data Management Tools.tbx\CalculateField" Date="20180530" Time="220926">CalculateField bk_ieda_lem_v2 Jul_2017 "ncc" VB #</Process><Process ToolSource="c:\program files (x86)\arcgis\desktop10.3\ArcToolbox\Toolboxes\Data Management Tools.tbx\CalculateField" Date="20180530" Time="220937">CalculateField bk_ieda_lem_v2 Ago_2017 "ncc" VB #</Process><Process ToolSource="c:\program files (x86)\arcgis\desktop10.3\ArcToolbox\Toolboxes\Data Management Tools.tbx\CalculateField" Date="20180530" Time="220946">CalculateField bk_ieda_lem_v2 Sep_2017 "ncc" VB #</Process><Process ToolSource="c:\program files (x86)\arcgis\desktop10.3\ArcToolbox\Toolboxes\Data Management Tools.tbx\CalculateField" Date="20180530" Time="220954">CalculateField bk_ieda_lem_v2 Nov_2017 "ncc" VB #</Process><Process ToolSource="c:\program files (x86)\arcgis\desktop10.3\ArcToolbox\Toolboxes\Data Management Tools.tbx\CalculateField" Date="20180530" Time="221001">CalculateField bk_ieda_lem_v2 Dec_2017 "ncc" VB #</Process><Process ToolSource="c:\program files (x86)\arcgis\desktop10.3\ArcToolbox\Toolboxes\Data Management Tools.tbx\CalculateField" Date="20180530" Time="221007">CalculateField bk_ieda_lem_v2 Jan_2018 "ncc" VB #</Process><Process ToolSource="c:\program files (x86)\arcgis\desktop10.3\ArcToolbox\Toolboxes\Data Management Tools.tbx\CalculateField" Date="20180530" Time="221015">CalculateField bk_ieda_lem_v2 Feb_2018 "ncc" VB #</Process><Process ToolSource="c:\program files (x86)\arcgis\desktop10.3\ArcToolbox\Toolboxes\Data Management Tools.tbx\CalculateField" Date="20180530" Time="221022">CalculateField bk_ieda_lem_v2 Mar_2018 "ncc" VB #</Process><Process ToolSource="c:\program files (x86)\arcgis\desktop10.3\ArcToolbox\Toolboxes\Data Management Tools.tbx\CalculateField" Date="20180530" Time="221029">CalculateField bk_ieda_lem_v2 Apr_2018 "ncc" VB #</Process><Process ToolSource="c:\program files (x86)\arcgis\desktop10.3\ArcToolbox\Toolboxes\Data Management Tools.tbx\CalculateField" Date="20180530" Time="221036">CalculateField bk_ieda_lem_v2 May_2018 "ncc" VB #</Process><Process ToolSource="c:\program files (x86)\arcgis\desktop10.3\ArcToolbox\Toolboxes\Data Management Tools.tbx\CalculateField" Date="20180530" Time="221054">CalculateField bk_ieda_lem_v2 Jun_2017 "beans" VB #</Process><Process ToolSource="c:\program files (x86)\arcgis\desktop10.3\ArcToolbox\Toolboxes\Data Management Tools.tbx\CalculateField" Date="20180530" Time="221130">CalculateField bk_ieda_lem_v2 Jun_2017 "wheat" VB #</Process><Process ToolSource="c:\program files (x86)\arcgis\desktop10.3\ArcToolbox\Toolboxes\Data Management Tools.tbx\CalculateField" Date="20180530" Time="221137">CalculateField bk_ieda_lem_v2 Jul_2017 "wheat" VB #</Process><Process ToolSource="c:\program files (x86)\arcgis\desktop10.3\ArcToolbox\Toolboxes\Data Management Tools.tbx\CalculateField" Date="20180530" Time="221145">CalculateField bk_ieda_lem_v2 Ago_2017 "wheat" VB #</Process><Process ToolSource="c:\program files (x86)\arcgis\desktop10.3\ArcToolbox\Toolboxes\Data Management Tools.tbx\CalculateField" Date="20180530" Time="221237">CalculateField bk_ieda_lem_v2 Jun_2017 "maize" VB #</Process><Process ToolSource="c:\program files (x86)\arcgis\desktop10.3\ArcToolbox\Toolboxes\Data Management Tools.tbx\CalculateField" Date="20180530" Time="221258">CalculateField bk_ieda_lem_v2 Jun_2017 "cotton" VB #</Process><Process ToolSource="c:\program files (x86)\arcgis\desktop10.3\ArcToolbox\Toolboxes\Data Management Tools.tbx\CalculateField" Date="20180530" Time="221317">CalculateField bk_ieda_lem_v2 Jun_2017 "pasture" VB #</Process><Process ToolSource="c:\program files (x86)\arcgis\desktop10.3\ArcToolbox\Toolboxes\Data Management Tools.tbx\CalculateField" Date="20180530" Time="221350">CalculateField bk_ieda_lem_v2 Jun_2017 "eucalyptus" VB #</Process><Process ToolSource="c:\program files (x86)\arcgis\desktop10.3\ArcToolbox\Toolboxes\Data Management Tools.tbx\CalculateField" Date="20180530" Time="221358">CalculateField bk_ieda_lem_v2 Jul_2017 "eucalyptus" VB #</Process><Process ToolSource="c:\program files (x86)\arcgis\desktop10.3\ArcToolbox\Toolboxes\Data Management Tools.tbx\CalculateField" Date="20180530" Time="221403">CalculateField bk_ieda_lem_v2 Ago_2017 "eucalyptus" VB #</Process><Process ToolSource="c:\program files (x86)\arcgis\desktop10.3\ArcToolbox\Toolboxes\Data Management Tools.tbx\CalculateField" Date="20180530" Time="221409">CalculateField bk_ieda_lem_v2 Sep_2017 "eucalyptus" VB #</Process><Process ToolSource="c:\program files (x86)\arcgis\desktop10.3\ArcToolbox\Toolboxes\Data Management Tools.tbx\CalculateField" Date="20180530" Time="221416">CalculateField bk_ieda_lem_v2 Out_2017 "eucalyptus" VB #</Process><Process ToolSource="c:\program files (x86)\arcgis\desktop10.3\ArcToolbox\Toolboxes\Data Management Tools.tbx\CalculateField" Date="20180530" Time="221422">CalculateField bk_ieda_lem_v2 Nov_2017 "eucalyptus" VB #</Process><Process ToolSource="c:\program files (x86)\arcgis\desktop10.3\ArcToolbox\Toolboxes\Data Management Tools.tbx\CalculateField" Date="20180530" Time="221427">CalculateField bk_ieda_lem_v2 Dec_2017 "eucalyptus" VB #</Process><Process ToolSource="c:\program files (x86)\arcgis\desktop10.3\ArcToolbox\Toolboxes\Data Management Tools.tbx\CalculateField" Date="20180530" Time="221433">CalculateField bk_ieda_lem_v2 Jan_2018 "eucalyptus" VB #</Process><Process ToolSource="c:\program files (x86)\arcgis\desktop10.3\ArcToolbox\Toolboxes\Data Management Tools.tbx\CalculateField" Date="20180530" Time="221439">CalculateField bk_ieda_lem_v2 Feb_2018 "eucalyptus" VB #</Process><Process ToolSource="c:\program files (x86)\arcgis\desktop10.3\ArcToolbox\Toolboxes\Data Management Tools.tbx\CalculateField" Date="20180530" Time="221446">CalculateField bk_ieda_lem_v2 Mar_2018 "eucalyptus" VB #</Process><Process ToolSource="c:\program files (x86)\arcgis\desktop10.3\ArcToolbox\Toolboxes\Data Management Tools.tbx\CalculateField" Date="20180530" Time="221452">CalculateField bk_ieda_lem_v2 Apr_2018 "eucalyptus" VB #</Process><Process ToolSource="c:\program files (x86)\arcgis\desktop10.3\ArcToolbox\Toolboxes\Data Management Tools.tbx\CalculateField" Date="20180530" Time="221458">CalculateField bk_ieda_lem_v2 May_2018 "eucalyptus" VB #</Process><Process ToolSource="c:\program files (x86)\arcgis\desktop10.3\ArcToolbox\Toolboxes\Data Management Tools.tbx\CalculateField" Date="20180530" Time="221519">CalculateField bk_ieda_lem_v2 Jun_2017 "millet" VB #</Process><Process ToolSource="c:\program files (x86)\arcgis\desktop10.3\ArcToolbox\Toolboxes\Data Management Tools.tbx\CalculateField" Date="20180530" Time="221539">CalculateField bk_ieda_lem_v2 Jun_2017 "cerrado" VB #</Process><Process ToolSource="c:\program files (x86)\arcgis\desktop10.3\ArcToolbox\Toolboxes\Data Management Tools.tbx\CalculateField" Date="20180530" Time="221552">CalculateField bk_ieda_lem_v2 Jul_2017 "cerrado" VB #</Process><Process ToolSource="c:\program files (x86)\arcgis\desktop10.3\ArcToolbox\Toolboxes\Data Management Tools.tbx\CalculateField" Date="20180530" Time="221602">CalculateField bk_ieda_lem_v2 Ago_2017 "cerrado" VB #</Process><Process ToolSource="c:\program files (x86)\arcgis\desktop10.3\ArcToolbox\Toolboxes\Data Management Tools.tbx\CalculateField" Date="20180530" Time="221629">CalculateField bk_ieda_lem_v2 Jun_2017 "onion" VB #</Process><Process ToolSource="c:\program files (x86)\arcgis\desktop10.3\ArcToolbox\Toolboxes\Data Management Tools.tbx\CalculateField" Date="20180530" Time="221635">CalculateField bk_ieda_lem_v2 Jul_2017 "onion" VB #</Process><Process ToolSource="c:\program files (x86)\arcgis\desktop10.3\ArcToolbox\Toolboxes\Data Management Tools.tbx\CalculateField" Date="20180530" Time="221640">CalculateField bk_ieda_lem_v2 Ago_2017 "onion" VB #</Process><Process ToolSource="c:\program files (x86)\arcgis\desktop10.3\ArcToolbox\Toolboxes\Data Management Tools.tbx\CalculateField" Date="20180530" Time="221755">CalculateField bk_ieda_lem_v2 Jun_2017 "soil" VB #</Process><Process ToolSource="c:\program files (x86)\arcgis\desktop10.3\ArcToolbox\Toolboxes\Data Management Tools.tbx\CalculateField" Date="20180530" Time="221801">CalculateField bk_ieda_lem_v2 Jul_2017 "soil" VB #</Process><Process ToolSource="c:\program files (x86)\arcgis\desktop10.3\ArcToolbox\Toolboxes\Data Management Tools.tbx\CalculateField" Date="20180530" Time="221835">CalculateField bk_ieda_lem_v2 Jul_2017 "soil" VB #</Process><Process ToolSource="c:\program files (x86)\arcgis\desktop10.3\ArcToolbox\Toolboxes\Data Management Tools.tbx\CalculateField" Date="20180530" Time="221851">CalculateField bk_ieda_lem_v2 Jul_2017 "turfgrass" VB #</Process><Process ToolSource="c:\program files (x86)\arcgis\desktop10.3\ArcToolbox\Toolboxes\Data Management Tools.tbx\CalculateField" Date="20180530" Time="221918">CalculateField bk_ieda_lem_v2 Jul_2017 "sorghum" VB #</Process><Process ToolSource="c:\program files (x86)\arcgis\desktop10.3\ArcToolbox\Toolboxes\Data Management Tools.tbx\CalculateField" Date="20180530" Time="221934">CalculateField bk_ieda_lem_v2 Jul_2017 "hay" VB #</Process><Process ToolSource="c:\program files (x86)\arcgis\desktop10.3\ArcToolbox\Toolboxes\Data Management Tools.tbx\CalculateField" Date="20180530" Time="221959">CalculateField bk_ieda_lem_v2 Jul_2017 "grass" VB #</Process><Process ToolSource="c:\program files (x86)\arcgis\desktop10.3\ArcToolbox\Toolboxes\Data Management Tools.tbx\CalculateField" Date="20180530" Time="222018">CalculateField bk_ieda_lem_v2 Jul_2017 "soybean" VB #</Process><Process ToolSource="c:\program files (x86)\arcgis\desktop10.3\ArcToolbox\Toolboxes\Data Management Tools.tbx\CalculateField" Date="20180530" Time="222036">CalculateField bk_ieda_lem_v2 Jul_2017 "beans" VB #</Process><Process ToolSource="c:\program files (x86)\arcgis\desktop10.3\ArcToolbox\Toolboxes\Data Management Tools.tbx\CalculateField" Date="20180530" Time="222051">CalculateField bk_ieda_lem_v2 Jul_2017 "maize" VB #</Process><Process ToolSource="c:\program files (x86)\arcgis\desktop10.3\ArcToolbox\Toolboxes\Data Management Tools.tbx\CalculateField" Date="20180530" Time="222107">CalculateField bk_ieda_lem_v2 Jul_2017 "cotton" VB #</Process><Process ToolSource="c:\program files (x86)\arcgis\desktop10.3\ArcToolbox\Toolboxes\Data Management Tools.tbx\CalculateField" Date="20180530" Time="222128">CalculateField bk_ieda_lem_v2 Jul_2017 "pasture" VB #</Process><Process ToolSource="c:\program files (x86)\arcgis\desktop10.3\ArcToolbox\Toolboxes\Data Management Tools.tbx\CalculateField" Date="20180530" Time="222156">CalculateField bk_ieda_lem_v2 Jul_2017 "millet" VB #</Process><Process ToolSource="c:\program files (x86)\arcgis\desktop10.3\ArcToolbox\Toolboxes\Data Management Tools.tbx\CalculateField" Date="20180530" Time="222253">CalculateField bk_ieda_lem_v2 Ago_2017 "soil" VB #</Process><Process ToolSource="c:\program files (x86)\arcgis\desktop10.3\ArcToolbox\Toolboxes\Data Management Tools.tbx\CalculateField" Date="20180530" Time="222308">CalculateField bk_ieda_lem_v2 Ago_2017 "turfgrass" VB #</Process><Process ToolSource="c:\program files (x86)\arcgis\desktop10.3\ArcToolbox\Toolboxes\Data Management Tools.tbx\CalculateField" Date="20180530" Time="222314">CalculateField bk_ieda_lem_v2 Sep_2017 "turfgrass" VB #</Process><Process ToolSource="c:\program files (x86)\arcgis\desktop10.3\ArcToolbox\Toolboxes\Data Management Tools.tbx\CalculateField" Date="20180530" Time="222332">CalculateField bk_ieda_lem_v2 Ago_2017 "sorghum" VB #</Process><Process ToolSource="c:\program files (x86)\arcgis\desktop10.3\ArcToolbox\Toolboxes\Data Management Tools.tbx\CalculateField" Date="20180530" Time="222351">CalculateField bk_ieda_lem_v2 Ago_2017 "hay" VB #</Process><Process ToolSource="c:\program files (x86)\arcgis\desktop10.3\ArcToolbox\Toolboxes\Data Management Tools.tbx\CalculateField" Date="20180530" Time="222405">CalculateField bk_ieda_lem_v2 Ago_2017 "grass" VB #</Process><Process ToolSource="c:\program files (x86)\arcgis\desktop10.3\ArcToolbox\Toolboxes\Data Management Tools.tbx\CalculateField" Date="20180530" Time="222420">CalculateField bk_ieda_lem_v2 Ago_2017 "beans" VB #</Process><Process ToolSource="c:\program files (x86)\arcgis\desktop10.3\ArcToolbox\Toolboxes\Data Management Tools.tbx\CalculateField" Date="20180530" Time="222445">CalculateField bk_ieda_lem_v2 Ago_2017 "not identified" VB #</Process><Process ToolSource="c:\program files (x86)\arcgis\desktop10.3\ArcToolbox\Toolboxes\Data Management Tools.tbx\CalculateField" Date="20180530" Time="222451">CalculateField bk_ieda_lem_v2 Sep_2017 "not identified" VB #</Process><Process ToolSource="c:\program files (x86)\arcgis\desktop10.3\ArcToolbox\Toolboxes\Data Management Tools.tbx\CalculateField" Date="20180530" Time="222456">CalculateField bk_ieda_lem_v2 Out_2017 "not identified" VB #</Process><Process ToolSource="c:\program files (x86)\arcgis\desktop10.3\ArcToolbox\Toolboxes\Data Management Tools.tbx\CalculateField" Date="20180530" Time="222514">CalculateField bk_ieda_lem_v2 Ago_2017 "maize" VB #</Process><Process ToolSource="c:\program files (x86)\arcgis\desktop10.3\ArcToolbox\Toolboxes\Data Management Tools.tbx\CalculateField" Date="20180530" Time="222530">CalculateField bk_ieda_lem_v2 Ago_2017 "cotton" VB #</Process><Process ToolSource="c:\program files (x86)\arcgis\desktop10.3\ArcToolbox\Toolboxes\Data Management Tools.tbx\CalculateField" Date="20180530" Time="222549">CalculateField bk_ieda_lem_v2 Ago_2017 "pasture" VB #</Process><Process ToolSource="c:\program files (x86)\arcgis\desktop10.3\ArcToolbox\Toolboxes\Data Management Tools.tbx\CalculateField" Date="20180530" Time="222607">CalculateField bk_ieda_lem_v2 Ago_2017 "millet" VB #</Process><Process ToolSource="c:\program files (x86)\arcgis\desktop10.3\ArcToolbox\Toolboxes\Data Management Tools.tbx\CalculateField" Date="20180530" Time="223258">CalculateField bk_ieda_lem_v2 Sep_2017 "soil" VB #</Process><Process ToolSource="c:\program files (x86)\arcgis\desktop10.3\ArcToolbox\Toolboxes\Data Management Tools.tbx\CalculateField" Date="20180530" Time="223316">CalculateField bk_ieda_lem_v2 Sep_2017 "sorghum" VB #</Process><Process ToolSource="c:\program files (x86)\arcgis\desktop10.3\ArcToolbox\Toolboxes\Data Management Tools.tbx\CalculateField" Date="20180530" Time="223336">CalculateField bk_ieda_lem_v2 Sep_2017 "opened area" VB #</Process><Process ToolSource="c:\program files (x86)\arcgis\desktop10.3\ArcToolbox\Toolboxes\Data Management Tools.tbx\CalculateField" Date="20180530" Time="223357">CalculateField bk_ieda_lem_v2 Out_2017 "opened area" VB #</Process><Process ToolSource="c:\program files (x86)\arcgis\desktop10.3\ArcToolbox\Toolboxes\Data Management Tools.tbx\CalculateField" Date="20180530" Time="223419">CalculateField bk_ieda_lem_v2 Sep_2017 "coffee" VB #</Process><Process ToolSource="c:\program files (x86)\arcgis\desktop10.3\ArcToolbox\Toolboxes\Data Management Tools.tbx\CalculateField" Date="20180530" Time="223427">CalculateField bk_ieda_lem_v2 Out_2017 "coffee" VB #</Process><Process ToolSource="c:\program files (x86)\arcgis\desktop10.3\ArcToolbox\Toolboxes\Data Management Tools.tbx\CalculateField" Date="20180530" Time="223433">CalculateField bk_ieda_lem_v2 Nov_2017 "coffee" VB #</Process><Process ToolSource="c:\program files (x86)\arcgis\desktop10.3\ArcToolbox\Toolboxes\Data Management Tools.tbx\CalculateField" Date="20180530" Time="223439">CalculateField bk_ieda_lem_v2 Dec_2017 "coffee" VB #</Process><Process ToolSource="c:\program files (x86)\arcgis\desktop10.3\ArcToolbox\Toolboxes\Data Management Tools.tbx\CalculateField" Date="20180530" Time="223445">CalculateField bk_ieda_lem_v2 Jan_2018 "coffee" VB #</Process><Process ToolSource="c:\program files (x86)\arcgis\desktop10.3\ArcToolbox\Toolboxes\Data Management Tools.tbx\CalculateField" Date="20180530" Time="223451">CalculateField bk_ieda_lem_v2 Feb_2018 "coffee" VB #</Process><Process ToolSource="c:\program files (x86)\arcgis\desktop10.3\ArcToolbox\Toolboxes\Data Management Tools.tbx\CalculateField" Date="20180530" Time="223457">CalculateField bk_ieda_lem_v2 Mar_2018 "coffee" VB #</Process><Process ToolSource="c:\program files (x86)\arcgis\desktop10.3\ArcToolbox\Toolboxes\Data Management Tools.tbx\CalculateField" Date="20180530" Time="223503">CalculateField bk_ieda_lem_v2 Apr_2018 "coffee" VB #</Process><Process ToolSource="c:\program files (x86)\arcgis\desktop10.3\ArcToolbox\Toolboxes\Data Management Tools.tbx\CalculateField" Date="20180530" Time="223509">CalculateField bk_ieda_lem_v2 May_2018 "coffee" VB #</Process><Process ToolSource="c:\program files (x86)\arcgis\desktop10.3\ArcToolbox\Toolboxes\Data Management Tools.tbx\CalculateField" Date="20180530" Time="223523">CalculateField bk_ieda_lem_v2 Sep_2017 "hay" VB #</Process><Process ToolSource="c:\program files (x86)\arcgis\desktop10.3\ArcToolbox\Toolboxes\Data Management Tools.tbx\CalculateField" Date="20180530" Time="223538">CalculateField bk_ieda_lem_v2 Sep_2017 "grass" VB #</Process><Process ToolSource="c:\program files (x86)\arcgis\desktop10.3\ArcToolbox\Toolboxes\Data Management Tools.tbx\CalculateField" Date="20180530" Time="223553">CalculateField bk_ieda_lem_v2 Sep_2017 "beans" VB #</Process><Process ToolSource="c:\program files (x86)\arcgis\desktop10.3\ArcToolbox\Toolboxes\Data Management Tools.tbx\CalculateField" Date="20180530" Time="223611">CalculateField bk_ieda_lem_v2 Sep_2017 "not identified" VB #</Process><Process ToolSource="c:\program files (x86)\arcgis\desktop10.3\ArcToolbox\Toolboxes\Data Management Tools.tbx\CalculateField" Date="20180530" Time="223627">CalculateField bk_ieda_lem_v2 Sep_2017 "maize" VB #</Process><Process ToolSource="c:\program files (x86)\arcgis\desktop10.3\ArcToolbox\Toolboxes\Data Management Tools.tbx\CalculateField" Date="20180530" Time="223643">CalculateField bk_ieda_lem_v2 Sep_2017 "pasture" VB #</Process><Process ToolSource="c:\program files (x86)\arcgis\desktop10.3\ArcToolbox\Toolboxes\Data Management Tools.tbx\CalculateField" Date="20180530" Time="223657">CalculateField bk_ieda_lem_v2 Sep_2017 "millet" VB #</Process><Process ToolSource="c:\program files (x86)\arcgis\desktop10.3\ArcToolbox\Toolboxes\Data Management Tools.tbx\CalculateField" Date="20180530" Time="223716">CalculateField bk_ieda_lem_v2 Sep_2017 "cerrado" VB #</Process><Process ToolSource="c:\program files (x86)\arcgis\desktop10.3\ArcToolbox\Toolboxes\Data Management Tools.tbx\CalculateField" Date="20180530" Time="223811">CalculateField bk_ieda_lem_v2 Out_2017 "soil" VB #</Process><Process ToolSource="c:\program files (x86)\arcgis\desktop10.3\ArcToolbox\Toolboxes\Data Management Tools.tbx\CalculateField" Date="20180530" Time="223826">CalculateField bk_ieda_lem_v2 Out_2017 "turfgrass" VB #</Process><Process ToolSource="c:\program files (x86)\arcgis\desktop10.3\ArcToolbox\Toolboxes\Data Management Tools.tbx\CalculateField" Date="20180530" Time="223845">CalculateField bk_ieda_lem_v2 Out_2017 "opened area" VB #</Process><Process ToolSource="c:\program files (x86)\arcgis\desktop10.3\ArcToolbox\Toolboxes\Data Management Tools.tbx\CalculateField" Date="20180530" Time="223901">CalculateField bk_ieda_lem_v2 Out_2017 "hay" VB #</Process><Process ToolSource="c:\program files (x86)\arcgis\desktop10.3\ArcToolbox\Toolboxes\Data Management Tools.tbx\CalculateField" Date="20180530" Time="223922">CalculateField bk_ieda_lem_v2 Out_2017 "grass" VB #</Process><Process ToolSource="c:\program files (x86)\arcgis\desktop10.3\ArcToolbox\Toolboxes\Data Management Tools.tbx\CalculateField" Date="20180530" Time="223943">CalculateField bk_ieda_lem_v2 Out_2017 "ncc" VB #</Process><Process ToolSource="c:\program files (x86)\arcgis\desktop10.3\ArcToolbox\Toolboxes\Data Management Tools.tbx\CalculateField" Date="20180530" Time="224001">CalculateField bk_ieda_lem_v2 Out_2017 "not identified" VB #</Process><Process ToolSource="c:\program files (x86)\arcgis\desktop10.3\ArcToolbox\Toolboxes\Data Management Tools.tbx\CalculateField" Date="20180530" Time="224016">CalculateField bk_ieda_lem_v2 Out_2017 "maize" VB #</Process><Process ToolSource="c:\program files (x86)\arcgis\desktop10.3\ArcToolbox\Toolboxes\Data Management Tools.tbx\CalculateField" Date="20180530" Time="224031">CalculateField bk_ieda_lem_v2 Out_2017 "pasture" VB #</Process><Process ToolSource="c:\program files (x86)\arcgis\desktop10.3\ArcToolbox\Toolboxes\Data Management Tools.tbx\CalculateField" Date="20180530" Time="224049">CalculateField bk_ieda_lem_v2 Out_2017 "cerrado" VB #</Process><Process ToolSource="c:\program files (x86)\arcgis\desktop10.3\ArcToolbox\Toolboxes\Data Management Tools.tbx\CalculateField" Date="20180530" Time="224120">CalculateField bk_ieda_lem_v2 Nov_2017 "cerrado" VB #</Process><Process ToolSource="c:\program files (x86)\arcgis\desktop10.3\ArcToolbox\Toolboxes\Data Management Tools.tbx\CalculateField" Date="20180530" Time="224137">CalculateField bk_ieda_lem_v2 Nov_2017 "soil" VB #</Process><Process ToolSource="c:\program files (x86)\arcgis\desktop10.3\ArcToolbox\Toolboxes\Data Management Tools.tbx\CalculateField" Date="20180530" Time="224200">CalculateField bk_ieda_lem_v2 Nov_2017 "opened area" VB #</Process><Process ToolSource="c:\program files (x86)\arcgis\desktop10.3\ArcToolbox\Toolboxes\Data Management Tools.tbx\CalculateField" Date="20180530" Time="224209">CalculateField bk_ieda_lem_v2 Dec_2017 "opened area" VB #</Process><Process ToolSource="c:\program files (x86)\arcgis\desktop10.3\ArcToolbox\Toolboxes\Data Management Tools.tbx\CalculateField" Date="20180530" Time="224217">CalculateField bk_ieda_lem_v2 Jan_2018 "opened area" VB #</Process><Process ToolSource="c:\program files (x86)\arcgis\desktop10.3\ArcToolbox\Toolboxes\Data Management Tools.tbx\CalculateField" Date="20180530" Time="224222">CalculateField bk_ieda_lem_v2 Feb_2018 "opened area" VB #</Process><Process ToolSource="c:\program files (x86)\arcgis\desktop10.3\ArcToolbox\Toolboxes\Data Management Tools.tbx\CalculateField" Date="20180530" Time="224227">CalculateField bk_ieda_lem_v2 Mar_2018 "opened area" VB #</Process><Process ToolSource="c:\program files (x86)\arcgis\desktop10.3\ArcToolbox\Toolboxes\Data Management Tools.tbx\CalculateField" Date="20180530" Time="224234">CalculateField bk_ieda_lem_v2 Apr_2018 "opened area" VB #</Process><Process ToolSource="c:\program files (x86)\arcgis\desktop10.3\ArcToolbox\Toolboxes\Data Management Tools.tbx\CalculateField" Date="20180530" Time="224240">CalculateField bk_ieda_lem_v2 May_2018 "opened area" VB #</Process><Process ToolSource="c:\program files (x86)\arcgis\desktop10.3\ArcToolbox\Toolboxes\Data Management Tools.tbx\CalculateField" Date="20180530" Time="224254">CalculateField bk_ieda_lem_v2 Nov_2017 "hay" VB #</Process><Process ToolSource="c:\program files (x86)\arcgis\desktop10.3\ArcToolbox\Toolboxes\Data Management Tools.tbx\CalculateField" Date="20180530" Time="224307">CalculateField bk_ieda_lem_v2 Nov_2017 "grass" VB #</Process><Process ToolSource="c:\program files (x86)\arcgis\desktop10.3\ArcToolbox\Toolboxes\Data Management Tools.tbx\CalculateField" Date="20180530" Time="224327">CalculateField bk_ieda_lem_v2 Nov_2017 "soybean" VB #</Process><Process ToolSource="c:\program files (x86)\arcgis\desktop10.3\ArcToolbox\Toolboxes\Data Management Tools.tbx\CalculateField" Date="20180530" Time="224344">CalculateField bk_ieda_lem_v2 Nov_2017 "not identified" VB #</Process><Process ToolSource="c:\program files (x86)\arcgis\desktop10.3\ArcToolbox\Toolboxes\Data Management Tools.tbx\CalculateField" Date="20180530" Time="224408">CalculateField bk_ieda_lem_v2 Nov_2017 "maize" VB #</Process><Process ToolSource="c:\program files (x86)\arcgis\desktop10.3\ArcToolbox\Toolboxes\Data Management Tools.tbx\CalculateField" Date="20180530" Time="224424">CalculateField bk_ieda_lem_v2 Nov_2017 "pasture" VB #</Process><Process ToolSource="c:\program files (x86)\arcgis\desktop10.3\ArcToolbox\Toolboxes\Data Management Tools.tbx\CalculateField" Date="20180530" Time="224453">CalculateField bk_ieda_lem_v2 Dec_2017 "soil" VB #</Process><Process ToolSource="c:\program files (x86)\arcgis\desktop10.3\ArcToolbox\Toolboxes\Data Management Tools.tbx\CalculateField" Date="20180530" Time="224506">CalculateField bk_ieda_lem_v2 Dec_2017 "hay" VB #</Process><Process ToolSource="c:\program files (x86)\arcgis\desktop10.3\ArcToolbox\Toolboxes\Data Management Tools.tbx\CalculateField" Date="20180530" Time="224519">CalculateField bk_ieda_lem_v2 Dec_2017 "grass" VB #</Process><Process ToolSource="c:\program files (x86)\arcgis\desktop10.3\ArcToolbox\Toolboxes\Data Management Tools.tbx\CalculateField" Date="20180530" Time="224536">CalculateField bk_ieda_lem_v2 Dec_2017 "soybean" VB #</Process><Process ToolSource="c:\program files (x86)\arcgis\desktop10.3\ArcToolbox\Toolboxes\Data Management Tools.tbx\CalculateField" Date="20180530" Time="224550">CalculateField bk_ieda_lem_v2 Dec_2017 "beans" VB #</Process><Process ToolSource="c:\program files (x86)\arcgis\desktop10.3\ArcToolbox\Toolboxes\Data Management Tools.tbx\CalculateField" Date="20180530" Time="224604">CalculateField bk_ieda_lem_v2 Dec_2017 "not identified" VB #</Process><Process ToolSource="c:\program files (x86)\arcgis\desktop10.3\ArcToolbox\Toolboxes\Data Management Tools.tbx\CalculateField" Date="20180530" Time="224617">CalculateField bk_ieda_lem_v2 Dec_2017 "maize" VB #</Process><Process ToolSource="c:\program files (x86)\arcgis\desktop10.3\ArcToolbox\Toolboxes\Data Management Tools.tbx\CalculateField" Date="20180530" Time="224631">CalculateField bk_ieda_lem_v2 Dec_2017 "pasture" VB #</Process><Process ToolSource="c:\program files (x86)\arcgis\desktop10.3\ArcToolbox\Toolboxes\Data Management Tools.tbx\CalculateField" Date="20180530" Time="224644">CalculateField bk_ieda_lem_v2 Dec_2017 "cerrado" VB #</Process><Process ToolSource="c:\program files (x86)\arcgis\desktop10.3\ArcToolbox\Toolboxes\Data Management Tools.tbx\CalculateField" Date="20180530" Time="224716">CalculateField bk_ieda_lem_v2 Jan_2018 "soybean" VB #</Process><Process ToolSource="c:\program files (x86)\arcgis\desktop10.3\ArcToolbox\Toolboxes\Data Management Tools.tbx\CalculateField" Date="20180530" Time="224739">CalculateField bk_ieda_lem_v2 Jan_2018 "ncc" VB #</Process><Process ToolSource="c:\program files (x86)\arcgis\desktop10.3\ArcToolbox\Toolboxes\Data Management Tools.tbx\CalculateField" Date="20180530" Time="224749">CalculateField bk_ieda_lem_v2 Feb_2018 "ncc" VB #</Process><Process ToolSource="c:\program files (x86)\arcgis\desktop10.3\ArcToolbox\Toolboxes\Data Management Tools.tbx\CalculateField" Date="20180530" Time="224759">CalculateField bk_ieda_lem_v2 Mar_2018 "ncc" VB #</Process><Process ToolSource="c:\program files (x86)\arcgis\desktop10.3\ArcToolbox\Toolboxes\Data Management Tools.tbx\CalculateField" Date="20180530" Time="224808">CalculateField bk_ieda_lem_v2 Apr_2018 "ncc" VB #</Process><Process ToolSource="c:\program files (x86)\arcgis\desktop10.3\ArcToolbox\Toolboxes\Data Management Tools.tbx\CalculateField" Date="20180530" Time="224812">CalculateField bk_ieda_lem_v2 May_2018 "ncc" VB #</Process><Process ToolSource="c:\program files (x86)\arcgis\desktop10.3\ArcToolbox\Toolboxes\Data Management Tools.tbx\CalculateField" Date="20180530" Time="224836">CalculateField bk_ieda_lem_v2 Jan_2018 "not identified" VB #</Process><Process ToolSource="c:\program files (x86)\arcgis\desktop10.3\ArcToolbox\Toolboxes\Data Management Tools.tbx\CalculateField" Date="20180530" Time="224852">CalculateField bk_ieda_lem_v2 Jan_2018 "soil" VB #</Process><Process ToolSource="c:\program files (x86)\arcgis\desktop10.3\ArcToolbox\Toolboxes\Data Management Tools.tbx\CalculateField" Date="20180530" Time="224904">CalculateField bk_ieda_lem_v2 Jan_2018 "hay" VB #</Process><Process ToolSource="c:\program files (x86)\arcgis\desktop10.3\ArcToolbox\Toolboxes\Data Management Tools.tbx\CalculateField" Date="20180530" Time="224917">CalculateField bk_ieda_lem_v2 Jan_2018 "grass" VB #</Process><Process ToolSource="c:\program files (x86)\arcgis\desktop10.3\ArcToolbox\Toolboxes\Data Management Tools.tbx\CalculateField" Date="20180530" Time="224937">CalculateField bk_ieda_lem_v2 Jan_2018 "ncc" VB #</Process><Process ToolSource="c:\program files (x86)\arcgis\desktop10.3\ArcToolbox\Toolboxes\Data Management Tools.tbx\CalculateField" Date="20180530" Time="224943">CalculateField bk_ieda_lem_v2 Feb_2018 "ncc" VB #</Process><Process ToolSource="c:\program files (x86)\arcgis\desktop10.3\ArcToolbox\Toolboxes\Data Management Tools.tbx\CalculateField" Date="20180530" Time="224948">CalculateField bk_ieda_lem_v2 Mar_2018 "ncc" VB #</Process><Process ToolSource="c:\program files (x86)\arcgis\desktop10.3\ArcToolbox\Toolboxes\Data Management Tools.tbx\CalculateField" Date="20180530" Time="224953">CalculateField bk_ieda_lem_v2 Apr_2018 "ncc" VB #</Process><Process ToolSource="c:\program files (x86)\arcgis\desktop10.3\ArcToolbox\Toolboxes\Data Management Tools.tbx\CalculateField" Date="20180530" Time="224958">CalculateField bk_ieda_lem_v2 May_2018 "ncc" VB #</Process><Process ToolSource="c:\program files (x86)\arcgis\desktop10.3\ArcToolbox\Toolboxes\Data Management Tools.tbx\CalculateField" Date="20180530" Time="225011">CalculateField bk_ieda_lem_v2 Jan_2018 "beans" VB #</Process><Process ToolSource="c:\program files (x86)\arcgis\desktop10.3\ArcToolbox\Toolboxes\Data Management Tools.tbx\CalculateField" Date="20180530" Time="225029">CalculateField bk_ieda_lem_v2 Jan_2018 "maize" VB #</Process><Process ToolSource="c:\program files (x86)\arcgis\desktop10.3\ArcToolbox\Toolboxes\Data Management Tools.tbx\CalculateField" Date="20180530" Time="225043">CalculateField bk_ieda_lem_v2 Jan_2018 "cotton" VB #</Process><Process ToolSource="c:\program files (x86)\arcgis\desktop10.3\ArcToolbox\Toolboxes\Data Management Tools.tbx\CalculateField" Date="20180530" Time="225059">CalculateField bk_ieda_lem_v2 Jan_2018 "pasture" VB #</Process><Process ToolSource="c:\program files (x86)\arcgis\desktop10.3\ArcToolbox\Toolboxes\Data Management Tools.tbx\CalculateField" Date="20180530" Time="225147">CalculateField bk_ieda_lem_v2 Jan_2018 "cerrado" VB #</Process><Process ToolSource="c:\program files (x86)\arcgis\desktop10.3\ArcToolbox\Toolboxes\Data Management Tools.tbx\CalculateField" Date="20180530" Time="225219">CalculateField bk_ieda_lem_v2 Feb_2018 "soil" VB #</Process><Process ToolSource="c:\program files (x86)\arcgis\desktop10.3\ArcToolbox\Toolboxes\Data Management Tools.tbx\CalculateField" Date="20180530" Time="225240">CalculateField bk_ieda_lem_v2 Feb_2018 "turfgrass" VB #</Process><Process ToolSource="c:\program files (x86)\arcgis\desktop10.3\ArcToolbox\Toolboxes\Data Management Tools.tbx\CalculateField" Date="20180530" Time="225245">CalculateField bk_ieda_lem_v2 Mar_2018 "turfgrass" VB #</Process><Process ToolSource="c:\program files (x86)\arcgis\desktop10.3\ArcToolbox\Toolboxes\Data Management Tools.tbx\CalculateField" Date="20180530" Time="225250">CalculateField bk_ieda_lem_v2 Apr_2018 "turfgrass" VB #</Process><Process ToolSource="c:\program files (x86)\arcgis\desktop10.3\ArcToolbox\Toolboxes\Data Management Tools.tbx\CalculateField" Date="20180530" Time="225256">CalculateField bk_ieda_lem_v2 May_2018 "turfgrass" VB #</Process><Process ToolSource="c:\program files (x86)\arcgis\desktop10.3\ArcToolbox\Toolboxes\Data Management Tools.tbx\CalculateField" Date="20180530" Time="225311">CalculateField bk_ieda_lem_v2 Feb_2018 "hay" VB #</Process><Process ToolSource="c:\program files (x86)\arcgis\desktop10.3\ArcToolbox\Toolboxes\Data Management Tools.tbx\CalculateField" Date="20180530" Time="225328">CalculateField bk_ieda_lem_v2 Feb_2018 "grass" VB #</Process><Process ToolSource="c:\program files (x86)\arcgis\desktop10.3\ArcToolbox\Toolboxes\Data Management Tools.tbx\CalculateField" Date="20180530" Time="225345">CalculateField bk_ieda_lem_v2 Feb_2018 "soybean" VB #</Process><Process ToolSource="c:\program files (x86)\arcgis\desktop10.3\ArcToolbox\Toolboxes\Data Management Tools.tbx\CalculateField" Date="20180530" Time="225419">CalculateField bk_ieda_lem_v2 Feb_2018 "not identified" VB #</Process><Process ToolSource="c:\program files (x86)\arcgis\desktop10.3\ArcToolbox\Toolboxes\Data Management Tools.tbx\CalculateField" Date="20180530" Time="225437">CalculateField bk_ieda_lem_v2 Feb_2018 "maize" VB #</Process><Process ToolSource="c:\program files (x86)\arcgis\desktop10.3\ArcToolbox\Toolboxes\Data Management Tools.tbx\CalculateField" Date="20180530" Time="225451">CalculateField bk_ieda_lem_v2 Feb_2018 "cotton" VB #</Process><Process ToolSource="c:\program files (x86)\arcgis\desktop10.3\ArcToolbox\Toolboxes\Data Management Tools.tbx\CalculateField" Date="20180530" Time="225538">CalculateField bk_ieda_lem_v2 Feb_2018 "pasture" VB #</Process><Process ToolSource="c:\program files (x86)\arcgis\desktop10.3\ArcToolbox\Toolboxes\Data Management Tools.tbx\CalculateField" Date="20180530" Time="225555">CalculateField bk_ieda_lem_v2 Feb_2018 "millet" VB #</Process><Process ToolSource="c:\program files (x86)\arcgis\desktop10.3\ArcToolbox\Toolboxes\Data Management Tools.tbx\CalculateField" Date="20180530" Time="225609">CalculateField bk_ieda_lem_v2 Feb_2018 "cerrado" VB #</Process><Process ToolSource="c:\program files (x86)\arcgis\desktop10.3\ArcToolbox\Toolboxes\Data Management Tools.tbx\CalculateField" Date="20180530" Time="225628">CalculateField bk_ieda_lem_v2 Mar_2018 "soil" VB #</Process><Process ToolSource="c:\program files (x86)\arcgis\desktop10.3\ArcToolbox\Toolboxes\Data Management Tools.tbx\CalculateField" Date="20180530" Time="225644">CalculateField bk_ieda_lem_v2 Mar_2018 "turfgrass" VB #</Process><Process ToolSource="c:\program files (x86)\arcgis\desktop10.3\ArcToolbox\Toolboxes\Data Management Tools.tbx\CalculateField" Date="20180530" Time="225650">CalculateField bk_ieda_lem_v2 Apr_2018 "turfgrass" VB #</Process><Process ToolSource="c:\program files (x86)\arcgis\desktop10.3\ArcToolbox\Toolboxes\Data Management Tools.tbx\CalculateField" Date="20180530" Time="225655">CalculateField bk_ieda_lem_v2 May_2018 "turfgrass" VB #</Process><Process ToolSource="c:\program files (x86)\arcgis\desktop10.3\ArcToolbox\Toolboxes\Data Management Tools.tbx\CalculateField" Date="20180530" Time="225714">CalculateField bk_ieda_lem_v2 Mar_2018 "opened area" VB #</Process><Process ToolSource="c:\program files (x86)\arcgis\desktop10.3\ArcToolbox\Toolboxes\Data Management Tools.tbx\CalculateField" Date="20180530" Time="225719">CalculateField bk_ieda_lem_v2 Apr_2018 "opened area" VB #</Process><Process ToolSource="c:\program files (x86)\arcgis\desktop10.3\ArcToolbox\Toolboxes\Data Management Tools.tbx\CalculateField" Date="20180530" Time="225724">CalculateField bk_ieda_lem_v2 May_2018 "opened area" VB #</Process><Process ToolSource="c:\program files (x86)\arcgis\desktop10.3\ArcToolbox\Toolboxes\Data Management Tools.tbx\CalculateField" Date="20180530" Time="225737">CalculateField bk_ieda_lem_v2 Mar_2018 "hay" VB #</Process><Process ToolSource="c:\program files (x86)\arcgis\desktop10.3\ArcToolbox\Toolboxes\Data Management Tools.tbx\CalculateField" Date="20180530" Time="225750">CalculateField bk_ieda_lem_v2 Mar_2018 "grass" VB #</Process><Process ToolSource="c:\program files (x86)\arcgis\desktop10.3\ArcToolbox\Toolboxes\Data Management Tools.tbx\CalculateField" Date="20180530" Time="225811">CalculateField bk_ieda_lem_v2 Mar_2018 "soybean" VB #</Process><Process ToolSource="c:\program files (x86)\arcgis\desktop10.3\ArcToolbox\Toolboxes\Data Management Tools.tbx\CalculateField" Date="20180530" Time="225830">CalculateField bk_ieda_lem_v2 Mar_2018 "not identified" VB #</Process><Process ToolSource="c:\program files (x86)\arcgis\desktop10.3\ArcToolbox\Toolboxes\Data Management Tools.tbx\CalculateField" Date="20180530" Time="225835">CalculateField bk_ieda_lem_v2 Apr_2018 "not identified" VB #</Process><Process ToolSource="c:\program files (x86)\arcgis\desktop10.3\ArcToolbox\Toolboxes\Data Management Tools.tbx\CalculateField" Date="20180530" Time="225840">CalculateField bk_ieda_lem_v2 May_2018 "not identified" VB #</Process><Process ToolSource="c:\program files (x86)\arcgis\desktop10.3\ArcToolbox\Toolboxes\Data Management Tools.tbx\CalculateField" Date="20180530" Time="225858">CalculateField bk_ieda_lem_v2 Mar_2018 "beans" VB #</Process><Process ToolSource="c:\program files (x86)\arcgis\desktop10.3\ArcToolbox\Toolboxes\Data Management Tools.tbx\CalculateField" Date="20180530" Time="225904">CalculateField bk_ieda_lem_v2 Apr_2018 "beans" VB #</Process><Process ToolSource="c:\program files (x86)\arcgis\desktop10.3\ArcToolbox\Toolboxes\Data Management Tools.tbx\CalculateField" Date="20180530" Time="225920">CalculateField bk_ieda_lem_v2 Mar_2018 "not identified" VB #</Process><Process ToolSource="c:\program files (x86)\arcgis\desktop10.3\ArcToolbox\Toolboxes\Data Management Tools.tbx\CalculateField" Date="20180530" Time="225934">CalculateField bk_ieda_lem_v2 Mar_2018 "maize" VB #</Process><Process ToolSource="c:\program files (x86)\arcgis\desktop10.3\ArcToolbox\Toolboxes\Data Management Tools.tbx\CalculateField" Date="20180530" Time="225949">CalculateField bk_ieda_lem_v2 Mar_2018 "cotton" VB #</Process><Process ToolSource="c:\program files (x86)\arcgis\desktop10.3\ArcToolbox\Toolboxes\Data Management Tools.tbx\CalculateField" Date="20180530" Time="230003">CalculateField bk_ieda_lem_v2 Mar_2018 "pasture" VB #</Process><Process ToolSource="c:\program files (x86)\arcgis\desktop10.3\ArcToolbox\Toolboxes\Data Management Tools.tbx\CalculateField" Date="20180530" Time="230019">CalculateField bk_ieda_lem_v2 Mar_2018 "millet" VB #</Process><Process ToolSource="c:\program files (x86)\arcgis\desktop10.3\ArcToolbox\Toolboxes\Data Management Tools.tbx\CalculateField" Date="20180530" Time="230024">CalculateField bk_ieda_lem_v2 Apr_2018 "millet" VB #</Process><Process ToolSource="c:\program files (x86)\arcgis\desktop10.3\ArcToolbox\Toolboxes\Data Management Tools.tbx\CalculateField" Date="20180530" Time="230029">CalculateField bk_ieda_lem_v2 May_2018 "millet" VB #</Process><Process ToolSource="c:\program files (x86)\arcgis\desktop10.3\ArcToolbox\Toolboxes\Data Management Tools.tbx\CalculateField" Date="20180530" Time="230043">CalculateField bk_ieda_lem_v2 Mar_2018 "cerrado" VB #</Process><Process ToolSource="c:\program files (x86)\arcgis\desktop10.3\ArcToolbox\Toolboxes\Data Management Tools.tbx\CalculateField" Date="20180530" Time="230108">CalculateField bk_ieda_lem_v2 Apr_2018 "soil" VB #</Process><Process ToolSource="c:\program files (x86)\arcgis\desktop10.3\ArcToolbox\Toolboxes\Data Management Tools.tbx\CalculateField" Date="20180530" Time="230123">CalculateField bk_ieda_lem_v2 Apr_2018 "hay" VB #</Process><Process ToolSource="c:\program files (x86)\arcgis\desktop10.3\ArcToolbox\Toolboxes\Data Management Tools.tbx\CalculateField" Date="20180530" Time="230135">CalculateField bk_ieda_lem_v2 Apr_2018 "grass" VB #</Process><Process ToolSource="c:\program files (x86)\arcgis\desktop10.3\ArcToolbox\Toolboxes\Data Management Tools.tbx\CalculateField" Date="20180530" Time="230152">CalculateField bk_ieda_lem_v2 Apr_2018 "soybean" VB #</Process><Process ToolSource="c:\program files (x86)\arcgis\desktop10.3\ArcToolbox\Toolboxes\Data Management Tools.tbx\CalculateField" Date="20180530" Time="230207">CalculateField bk_ieda_lem_v2 Apr_2018 "beans" VB #</Process><Process ToolSource="c:\program files (x86)\arcgis\desktop10.3\ArcToolbox\Toolboxes\Data Management Tools.tbx\CalculateField" Date="20180530" Time="230224">CalculateField bk_ieda_lem_v2 Apr_2018 "not identified" VB #</Process><Process ToolSource="c:\program files (x86)\arcgis\desktop10.3\ArcToolbox\Toolboxes\Data Management Tools.tbx\CalculateField" Date="20180530" Time="230242">CalculateField bk_ieda_lem_v2 Apr_2018 "maize" VB #</Process><Process ToolSource="c:\program files (x86)\arcgis\desktop10.3\ArcToolbox\Toolboxes\Data Management Tools.tbx\CalculateField" Date="20180530" Time="230259">CalculateField bk_ieda_lem_v2 Apr_2018 "cotton" VB #</Process><Process ToolSource="c:\program files (x86)\arcgis\desktop10.3\ArcToolbox\Toolboxes\Data Management Tools.tbx\CalculateField" Date="20180530" Time="230317">CalculateField bk_ieda_lem_v2 Apr_2018 "pasture" VB #</Process><Process ToolSource="c:\program files (x86)\arcgis\desktop10.3\ArcToolbox\Toolboxes\Data Management Tools.tbx\CalculateField" Date="20180530" Time="230329">CalculateField bk_ieda_lem_v2 Apr_2018 "millet" VB #</Process><Process ToolSource="c:\program files (x86)\arcgis\desktop10.3\ArcToolbox\Toolboxes\Data Management Tools.tbx\CalculateField" Date="20180530" Time="230345">CalculateField bk_ieda_lem_v2 Apr_2018 "cerrado" VB #</Process><Process ToolSource="c:\program files (x86)\arcgis\desktop10.3\ArcToolbox\Toolboxes\Data Management Tools.tbx\CalculateField" Date="20180530" Time="230416">CalculateField bk_ieda_lem_v2 May_2018 "soil" VB #</Process><Process ToolSource="c:\program files (x86)\arcgis\desktop10.3\ArcToolbox\Toolboxes\Data Management Tools.tbx\CalculateField" Date="20180530" Time="230430">CalculateField bk_ieda_lem_v2 May_2018 "hay" VB #</Process><Process ToolSource="c:\program files (x86)\arcgis\desktop10.3\ArcToolbox\Toolboxes\Data Management Tools.tbx\CalculateField" Date="20180530" Time="230443">CalculateField bk_ieda_lem_v2 May_2018 "grass" VB #</Process><Process ToolSource="c:\program files (x86)\arcgis\desktop10.3\ArcToolbox\Toolboxes\Data Management Tools.tbx\CalculateField" Date="20180530" Time="230456">CalculateField bk_ieda_lem_v2 May_2018 "soybean" VB #</Process><Process ToolSource="c:\program files (x86)\arcgis\desktop10.3\ArcToolbox\Toolboxes\Data Management Tools.tbx\CalculateField" Date="20180530" Time="230509">CalculateField bk_ieda_lem_v2 May_2018 "beans" VB #</Process><Process ToolSource="c:\program files (x86)\arcgis\desktop10.3\ArcToolbox\Toolboxes\Data Management Tools.tbx\CalculateField" Date="20180530" Time="230523">CalculateField bk_ieda_lem_v2 May_2018 "not identified" VB #</Process><Process ToolSource="c:\program files (x86)\arcgis\desktop10.3\ArcToolbox\Toolboxes\Data Management Tools.tbx\CalculateField" Date="20180530" Time="230538">CalculateField bk_ieda_lem_v2 May_2018 "maize" VB #</Process><Process ToolSource="c:\program files (x86)\arcgis\desktop10.3\ArcToolbox\Toolboxes\Data Management Tools.tbx\CalculateField" Date="20180530" Time="230552">CalculateField bk_ieda_lem_v2 May_2018 "cotton" VB #</Process><Process ToolSource="c:\program files (x86)\arcgis\desktop10.3\ArcToolbox\Toolboxes\Data Management Tools.tbx\CalculateField" Date="20180530" Time="230605">CalculateField bk_ieda_lem_v2 May_2018 "pasture" VB #</Process><Process ToolSource="c:\program files (x86)\arcgis\desktop10.3\ArcToolbox\Toolboxes\Data Management Tools.tbx\CalculateField" Date="20180530" Time="230619">CalculateField bk_ieda_lem_v2 May_2018 "millet" VB #</Process><Process ToolSource="c:\program files (x86)\arcgis\desktop10.3\ArcToolbox\Toolboxes\Data Management Tools.tbx\CalculateField" Date="20180530" Time="230631">CalculateField bk_ieda_lem_v2 May_2018 "cerrado" VB #</Process><Process ToolSource="c:\program files (x86)\arcgis\desktop10.3\ArcToolbox\Toolboxes\Data Management Tools.tbx\CalculateField" Date="20180530" Time="230709">CalculateField bk_ieda_lem_v2 Aug_2017 [Ago_2017] VB #</Process><Process ToolSource="c:\program files (x86)\arcgis\desktop10.3\ArcToolbox\Toolboxes\Data Management Tools.tbx\CalculateField" Date="20180530" Time="230748">CalculateField bk_ieda_lem_v2 Oct_2017 [Out_2017] VB #</Process><Process ToolSource="c:\program files (x86)\arcgis\desktop10.3\ArcToolbox\Toolboxes\Data Management Tools.tbx\CalculateField" Date="20180530" Time="230847">CalculateField bk_ieda_lem_v2 Id [FID]+1 VB #</Process><Process ToolSource="c:\program files (x86)\arcgis\desktop10.6\ArcToolbox\Toolboxes\Analysis Tools.tbx\Buffer" Date="20180609" Time="180731">Buffer classes_mensal_LEM C:\Users\bruno\Documents\ArcGIS\Default.gdb\classes_mensal_LEM_Buffer1 "-60 Meters" FULL ROUND NONE # PLANAR</Process><Process ToolSource="c:\program files (x86)\arcgis\desktop10.6\ArcToolbox\Toolboxes\Data Management Tools.tbx\CalculateField" Date="20180611" Time="090234">CalculateField classes_mensal_LEM_buffer_cut Id [FID]+1 VB #</Process><Process ToolSource="c:\program files (x86)\arcgis\desktop10.6\ArcToolbox\Toolboxes\Data Management Tools.tbx\CalculateField" Date="20180712" Time="203917">CalculateField classes_mensal_LEM_buffer_cut Jun_2018 "soil" VB #</Process><Process ToolSource="c:\program files (x86)\arcgis\desktop10.6\ArcToolbox\Toolboxes\Data Management Tools.tbx\CalculateField" Date="20180712" Time="203958">CalculateField classes_mensal_LEM_buffer_cut Jun_2018 "soil" VB #</Process><Process ToolSource="c:\program files (x86)\arcgis\desktop10.6\ArcToolbox\Toolboxes\Data Management Tools.tbx\CalculateField" Date="20180712" Time="204035">CalculateField classes_mensal_LEM_buffer_cut Jun_2018 "soil" VB #</Process><Process ToolSource="c:\program files (x86)\arcgis\desktop10.6\ArcToolbox\Toolboxes\Data Management Tools.tbx\CalculateField" Date="20180712" Time="204309">CalculateField classes_mensal_LEM_buffer_cut Jun_2018 "soil" VB #</Process><Process ToolSource="c:\program files (x86)\arcgis\desktop10.6\ArcToolbox\Toolboxes\Data Management Tools.tbx\CalculateField" Date="20180712" Time="204854">CalculateField classes_mensal_LEM_buffer_cut Jun_2018 "soil" VB #</Process><Process ToolSource="c:\program files (x86)\arcgis\desktop10.6\ArcToolbox\Toolboxes\Data Management Tools.tbx\CalculateField" Date="20180712" Time="204943">CalculateField classes_mensal_LEM_buffer_cut Jun_2018 "soil" VB #</Process><Process ToolSource="c:\program files (x86)\arcgis\desktop10.6\ArcToolbox\Toolboxes\Data Management Tools.tbx\CalculateField" Date="20180712" Time="205014">CalculateField classes_mensal_LEM_buffer_cut Jun_2018 "soil" VB #</Process><Process ToolSource="c:\program files (x86)\arcgis\desktop10.6\ArcToolbox\Toolboxes\Data Management Tools.tbx\CalculateField" Date="20180712" Time="205058">CalculateField classes_mensal_LEM_buffer_cut Jun_2018 "soil" VB #</Process><Process ToolSource="c:\program files (x86)\arcgis\desktop10.6\ArcToolbox\Toolboxes\Data Management Tools.tbx\CalculateField" Date="20180712" Time="205142">CalculateField classes_mensal_LEM_buffer_cut Jun_2018 "soil" VB #</Process><Process ToolSource="c:\program files (x86)\arcgis\desktop10.6\ArcToolbox\Toolboxes\Data Management Tools.tbx\CalculateField" Date="20180712" Time="205159">CalculateField classes_mensal_LEM_buffer_cut Jun_2018 "soil" VB #</Process><Process ToolSource="c:\program files (x86)\arcgis\desktop10.6\ArcToolbox\Toolboxes\Data Management Tools.tbx\CalculateField" Date="20180712" Time="205206">CalculateField classes_mensal_LEM_buffer_cut Jun_2018 "soil" VB #</Process><Process ToolSource="c:\program files (x86)\arcgis\desktop10.6\ArcToolbox\Toolboxes\Data Management Tools.tbx\CalculateField" Date="20180712" Time="205215">CalculateField classes_mensal_LEM_buffer_cut Jun_2018 "soil" VB #</Process><Process ToolSource="c:\program files (x86)\arcgis\desktop10.6\ArcToolbox\Toolboxes\Data Management Tools.tbx\CalculateField" Date="20180712" Time="205234">CalculateField classes_mensal_LEM_buffer_cut Jun_2018 "soil" VB #</Process><Process ToolSource="c:\program files (x86)\arcgis\desktop10.6\ArcToolbox\Toolboxes\Data Management Tools.tbx\CalculateField" Date="20180712" Time="205353">CalculateField classes_mensal_LEM_buffer_cut Jun_2018 "soil" VB #</Process><Process ToolSource="c:\program files (x86)\arcgis\desktop10.6\ArcToolbox\Toolboxes\Data Management Tools.tbx\CalculateField" Date="20180712" Time="205430">CalculateField classes_mensal_LEM_buffer_cut Jun_2018 "" VB #</Process><Process ToolSource="c:\program files (x86)\arcgis\desktop10.6\ArcToolbox\Toolboxes\Data Management Tools.tbx\CalculateField" Date="20180712" Time="205529">CalculateField classes_mensal_LEM_buffer_cut Jun_2018 "soil" VB #</Process><Process ToolSource="c:\program files (x86)\arcgis\desktop10.6\ArcToolbox\Toolboxes\Data Management Tools.tbx\CalculateField" Date="20180712" Time="205618">CalculateField classes_mensal_LEM_buffer_cut Jun_2018 "soil" VB #</Process><Process ToolSource="c:\program files (x86)\arcgis\desktop10.6\ArcToolbox\Toolboxes\Data Management Tools.tbx\CalculateField" Date="20180712" Time="205658">CalculateField classes_mensal_LEM_buffer_cut Jun_2018 "soil" VB #</Process><Process ToolSource="c:\program files (x86)\arcgis\desktop10.6\ArcToolbox\Toolboxes\Data Management Tools.tbx\CalculateField" Date="20180712" Time="205734">CalculateField classes_mensal_LEM_buffer_cut Jun_2018 "soil" VB #</Process><Process ToolSource="c:\program files (x86)\arcgis\desktop10.6\ArcToolbox\Toolboxes\Data Management Tools.tbx\CalculateField" Date="20180712" Time="205754">CalculateField classes_mensal_LEM_buffer_cut Jun_2018 "soil" VB #</Process><Process ToolSource="c:\program files (x86)\arcgis\desktop10.6\ArcToolbox\Toolboxes\Data Management Tools.tbx\CalculateField" Date="20180712" Time="205810">CalculateField classes_mensal_LEM_buffer_cut Jun_2018 "soil" VB #</Process><Process ToolSource="c:\program files (x86)\arcgis\desktop10.6\ArcToolbox\Toolboxes\Data Management Tools.tbx\CalculateField" Date="20180712" Time="205840">CalculateField classes_mensal_LEM_buffer_cut Jun_2018 "soil" VB #</Process><Process ToolSource="c:\program files (x86)\arcgis\desktop10.6\ArcToolbox\Toolboxes\Data Management Tools.tbx\CalculateField" Date="20180712" Time="205847">CalculateField classes_mensal_LEM_buffer_cut May_2018 "soil" VB #</Process><Process ToolSource="c:\program files (x86)\arcgis\desktop10.6\ArcToolbox\Toolboxes\Data Management Tools.tbx\CalculateField" Date="20180712" Time="205901">CalculateField classes_mensal_LEM_buffer_cut Jun_2018 "soil" VB #</Process><Process ToolSource="c:\program files (x86)\arcgis\desktop10.6\ArcToolbox\Toolboxes\Data Management Tools.tbx\CalculateField" Date="20180712" Time="205908">CalculateField classes_mensal_LEM_buffer_cut Jun_2018 "soil" VB #</Process><Process ToolSource="c:\program files (x86)\arcgis\desktop10.6\ArcToolbox\Toolboxes\Data Management Tools.tbx\CalculateField" Date="20180712" Time="210025">CalculateField classes_mensal_LEM_buffer_cut May_2018 "soil" VB #</Process><Process ToolSource="c:\program files (x86)\arcgis\desktop10.6\ArcToolbox\Toolboxes\Data Management Tools.tbx\CalculateField" Date="20180712" Time="210030">CalculateField classes_mensal_LEM_buffer_cut Jun_2018 "soil" VB #</Process><Process ToolSource="c:\program files (x86)\arcgis\desktop10.6\ArcToolbox\Toolboxes\Data Management Tools.tbx\CalculateField" Date="20180712" Time="210152">CalculateField classes_mensal_LEM_buffer_cut Jun_2018 "soil" VB #</Process><Process ToolSource="c:\program files (x86)\arcgis\desktop10.6\ArcToolbox\Toolboxes\Data Management Tools.tbx\CalculateField" Date="20180712" Time="210349">CalculateField classes_mensal_LEM_buffer_cut Jun_2018 "soil" VB #</Process><Process ToolSource="c:\program files (x86)\arcgis\desktop10.6\ArcToolbox\Toolboxes\Data Management Tools.tbx\CalculateField" Date="20180712" Time="210418">CalculateField classes_mensal_LEM_buffer_cut Jun_2018 "soil" VB #</Process><Process ToolSource="c:\program files (x86)\arcgis\desktop10.6\ArcToolbox\Toolboxes\Data Management Tools.tbx\CalculateField" Date="20180712" Time="210515">CalculateField classes_mensal_LEM_buffer_cut Jun_2018 "soil" VB #</Process><Process ToolSource="c:\program files (x86)\arcgis\desktop10.6\ArcToolbox\Toolboxes\Data Management Tools.tbx\CalculateField" Date="20180712" Time="210528">CalculateField classes_mensal_LEM_buffer_cut Jun_2018 "soil" VB #</Process><Process ToolSource="c:\program files (x86)\arcgis\desktop10.6\ArcToolbox\Toolboxes\Data Management Tools.tbx\CalculateField" Date="20180712" Time="210538">CalculateField classes_mensal_LEM_buffer_cut Jun_2018 "soil" VB #</Process><Process ToolSource="c:\program files (x86)\arcgis\desktop10.6\ArcToolbox\Toolboxes\Data Management Tools.tbx\CalculateField" Date="20180712" Time="210604">CalculateField classes_mensal_LEM_buffer_cut May_2018 "soil" VB #</Process><Process ToolSource="c:\program files (x86)\arcgis\desktop10.6\ArcToolbox\Toolboxes\Data Management Tools.tbx\CalculateField" Date="20180712" Time="210609">CalculateField classes_mensal_LEM_buffer_cut Jun_2018 "soil" VB #</Process><Process ToolSource="c:\program files (x86)\arcgis\desktop10.6\ArcToolbox\Toolboxes\Data Management Tools.tbx\CalculateField" Date="20180712" Time="210716">CalculateField classes_mensal_LEM_buffer_cut Jun_2018 "soil" VB #</Process><Process ToolSource="c:\program files (x86)\arcgis\desktop10.6\ArcToolbox\Toolboxes\Data Management Tools.tbx\CalculateField" Date="20180712" Time="211709">CalculateField classes_mensal_LEM_buffer_cut Jun_2018 "soil" VB #</Process><Process ToolSource="c:\program files (x86)\arcgis\desktop10.6\ArcToolbox\Toolboxes\Data Management Tools.tbx\CalculateField" Date="20180712" Time="211718">CalculateField classes_mensal_LEM_buffer_cut Jun_2018 "soil" VB #</Process><Process ToolSource="c:\program files (x86)\arcgis\desktop10.6\ArcToolbox\Toolboxes\Data Management Tools.tbx\CalculateField" Date="20180712" Time="211938">CalculateField classes_mensal_LEM_buffer_cut May_2018 "soil" VB #</Process><Process ToolSource="c:\program files (x86)\arcgis\desktop10.6\ArcToolbox\Toolboxes\Data Management Tools.tbx\CalculateField" Date="20180712" Time="212004">CalculateField classes_mensal_LEM_buffer_cut Jun_2018 "soil" VB #</Process><Process ToolSource="c:\program files (x86)\arcgis\desktop10.6\ArcToolbox\Toolboxes\Data Management Tools.tbx\CalculateField" Date="20180712" Time="212801">CalculateField classes_mensal_LEM_buffer_cut Jun_2018 "soil" VB #</Process><Process ToolSource="c:\program files (x86)\arcgis\desktop10.6\ArcToolbox\Toolboxes\Data Management Tools.tbx\CalculateField" Date="20180712" Time="212807">CalculateField classes_mensal_LEM_buffer_cut Jun_2018 "soil" VB #</Process><Process ToolSource="c:\program files (x86)\arcgis\desktop10.6\ArcToolbox\Toolboxes\Data Management Tools.tbx\CalculateField" Date="20180712" Time="212857">CalculateField classes_mensal_LEM_buffer_cut Jun_2018 "soil" VB #</Process><Process ToolSource="c:\program files (x86)\arcgis\desktop10.6\ArcToolbox\Toolboxes\Data Management Tools.tbx\CalculateField" Date="20180712" Time="212935">CalculateField classes_mensal_LEM_buffer_cut Jun_2018 "soil" VB #</Process><Process ToolSource="c:\program files (x86)\arcgis\desktop10.6\ArcToolbox\Toolboxes\Data Management Tools.tbx\CalculateField" Date="20180712" Time="213333">CalculateField classes_mensal_LEM_buffer_cut Jun_2018 "soil" VB #</Process><Process ToolSource="c:\program files (x86)\arcgis\desktop10.6\ArcToolbox\Toolboxes\Data Management Tools.tbx\CalculateField" Date="20180712" Time="213353">CalculateField classes_mensal_LEM_buffer_cut Jun_2018 "soil" VB #</Process><Process ToolSource="c:\program files (x86)\arcgis\desktop10.6\ArcToolbox\Toolboxes\Data Management Tools.tbx\CalculateField" Date="20180712" Time="213441">CalculateField classes_mensal_LEM_buffer_cut Jun_2018 "soil" VB #</Process><Process ToolSource="c:\program files (x86)\arcgis\desktop10.6\ArcToolbox\Toolboxes\Data Management Tools.tbx\CalculateField" Date="20180712" Time="213455">CalculateField classes_mensal_LEM_buffer_cut Jun_2018 "soil" VB #</Process><Process ToolSource="c:\program files (x86)\arcgis\desktop10.6\ArcToolbox\Toolboxes\Data Management Tools.tbx\CalculateField" Date="20180712" Time="213529">CalculateField classes_mensal_LEM_buffer_cut Jun_2018 "coffee" VB #</Process><Process ToolSource="c:\program files (x86)\arcgis\desktop10.6\ArcToolbox\Toolboxes\Data Management Tools.tbx\CalculateField" Date="20180712" Time="213556">CalculateField classes_mensal_LEM_buffer_cut Jun_2018 "soil" VB #</Process><Process ToolSource="c:\program files (x86)\arcgis\desktop10.6\ArcToolbox\Toolboxes\Data Management Tools.tbx\CalculateField" Date="20180712" Time="213703">CalculateField classes_mensal_LEM_buffer_cut Jun_2018 "soil" VB #</Process><Process ToolSource="c:\program files (x86)\arcgis\desktop10.6\ArcToolbox\Toolboxes\Data Management Tools.tbx\CalculateField" Date="20180712" Time="213843">CalculateField classes_mensal_LEM_buffer_cut Jun_2018 "soil" VB #</Process><Process ToolSource="c:\program files (x86)\arcgis\desktop10.6\ArcToolbox\Toolboxes\Data Management Tools.tbx\CalculateField" Date="20180712" Time="213907">CalculateField classes_mensal_LEM_buffer_cut Jun_2018 "soil" VB #</Process><Process ToolSource="c:\program files (x86)\arcgis\desktop10.6\ArcToolbox\Toolboxes\Data Management Tools.tbx\CalculateField" Date="20180712" Time="213912">CalculateField classes_mensal_LEM_buffer_cut Jun_2018 "soil" VB #</Process><Process ToolSource="c:\program files (x86)\arcgis\desktop10.6\ArcToolbox\Toolboxes\Data Management Tools.tbx\CalculateField" Date="20180712" Time="214005">CalculateField classes_mensal_LEM_buffer_cut Jun_2018 "soil" VB #</Process><Process ToolSource="c:\program files (x86)\arcgis\desktop10.6\ArcToolbox\Toolboxes\Data Management Tools.tbx\CalculateField" Date="20180712" Time="214259">CalculateField classes_mensal_LEM_buffer_cut Jun_2018 "soil" VB #</Process><Process ToolSource="c:\program files (x86)\arcgis\desktop10.6\ArcToolbox\Toolboxes\Data Management Tools.tbx\CalculateField" Date="20180712" Time="214355">CalculateField classes_mensal_LEM_buffer_cut Jun_2018 "soil" VB #</Process><Process ToolSource="c:\program files (x86)\arcgis\desktop10.6\ArcToolbox\Toolboxes\Data Management Tools.tbx\CalculateField" Date="20180712" Time="214415">CalculateField classes_mensal_LEM_buffer_cut Jun_2018 "soil" VB #</Process><Process ToolSource="c:\program files (x86)\arcgis\desktop10.6\ArcToolbox\Toolboxes\Data Management Tools.tbx\CalculateField" Date="20180712" Time="214423">CalculateField classes_mensal_LEM_buffer_cut Jun_2018 "soil" VB #</Process><Process ToolSource="c:\program files (x86)\arcgis\desktop10.6\ArcToolbox\Toolboxes\Data Management Tools.tbx\CalculateField" Date="20180712" Time="214433">CalculateField classes_mensal_LEM_buffer_cut Jun_2018 "soil" VB #</Process><Process ToolSource="c:\program files (x86)\arcgis\desktop10.6\ArcToolbox\Toolboxes\Data Management Tools.tbx\CalculateField" Date="20180712" Time="214445">CalculateField classes_mensal_LEM_buffer_cut Jun_2018 "soil" VB #</Process><Process ToolSource="c:\program files (x86)\arcgis\desktop10.6\ArcToolbox\Toolboxes\Data Management Tools.tbx\CalculateField" Date="20180712" Time="214824">CalculateField classes_mensal_LEM_buffer_cut Jun_2018 "conversion area" VB #</Process><Process ToolSource="c:\program files (x86)\arcgis\desktop10.6\ArcToolbox\Toolboxes\Data Management Tools.tbx\CalculateField" Date="20180712" Time="214858">CalculateField classes_mensal_LEM_buffer_cut May_2018 "conversion area" VB #</Process><Process ToolSource="c:\program files (x86)\arcgis\desktop10.6\ArcToolbox\Toolboxes\Data Management Tools.tbx\CalculateField" Date="20180712" Time="214905">CalculateField classes_mensal_LEM_buffer_cut Apr_2018 "conversion area" VB #</Process><Process ToolSource="c:\program files (x86)\arcgis\desktop10.6\ArcToolbox\Toolboxes\Data Management Tools.tbx\CalculateField" Date="20180712" Time="214909">CalculateField classes_mensal_LEM_buffer_cut Mar_2018 "conversion area" VB #</Process><Process ToolSource="c:\program files (x86)\arcgis\desktop10.6\ArcToolbox\Toolboxes\Data Management Tools.tbx\CalculateField" Date="20180712" Time="215009">CalculateField classes_mensal_LEM_buffer_cut Feb_2018 "conversion area" VB #</Process><Process ToolSource="c:\program files (x86)\arcgis\desktop10.6\ArcToolbox\Toolboxes\Data Management Tools.tbx\CalculateField" Date="20180712" Time="215021">CalculateField classes_mensal_LEM_buffer_cut Jan_2018 "conversion area" VB #</Process><Process ToolSource="c:\program files (x86)\arcgis\desktop10.6\ArcToolbox\Toolboxes\Data Management Tools.tbx\CalculateField" Date="20180712" Time="215032">CalculateField classes_mensal_LEM_buffer_cut Dec_2017 "conversion area" VB #</Process><Process ToolSource="c:\program files (x86)\arcgis\desktop10.6\ArcToolbox\Toolboxes\Data Management Tools.tbx\CalculateField" Date="20180712" Time="215046">CalculateField classes_mensal_LEM_buffer_cut Oct_2017 "conversion area" VB #</Process><Process ToolSource="c:\program files (x86)\arcgis\desktop10.6\ArcToolbox\Toolboxes\Data Management Tools.tbx\CalculateField" Date="20180712" Time="215057">CalculateField classes_mensal_LEM_buffer_cut Sep_2017 "conversion area" VB #</Process><Process ToolSource="c:\program files (x86)\arcgis\desktop10.6\ArcToolbox\Toolboxes\Data Management Tools.tbx\CalculateField" Date="20180712" Time="215108">CalculateField classes_mensal_LEM_buffer_cut Aug_2017 "conversion area" VB #</Process><Process ToolSource="c:\program files (x86)\arcgis\desktop10.6\ArcToolbox\Toolboxes\Data Management Tools.tbx\CalculateField" Date="20180712" Time="215118">CalculateField classes_mensal_LEM_buffer_cut Jul_2017 "conversion area" VB #</Process><Process ToolSource="c:\program files (x86)\arcgis\desktop10.6\ArcToolbox\Toolboxes\Data Management Tools.tbx\CalculateField" Date="20180712" Time="215132">CalculateField classes_mensal_LEM_buffer_cut Jun_2017 "conversion area" VB #</Process><Process ToolSource="c:\program files (x86)\arcgis\desktop10.6\ArcToolbox\Toolboxes\Data Management Tools.tbx\CalculateField" Date="20180712" Time="215143">CalculateField classes_mensal_LEM_buffer_cut Nov_2017 "conversion area" VB #</Process><Process ToolSource="c:\program files (x86)\arcgis\desktop10.6\ArcToolbox\Toolboxes\Data Management Tools.tbx\CalculateField" Date="20180712" Time="215255">CalculateField classes_mensal_LEM_buffer_cut Jun_2017 "uncultivated soil" VB #</Process><Process ToolSource="c:\program files (x86)\arcgis\desktop10.6\ArcToolbox\Toolboxes\Data Management Tools.tbx\CalculateField" Date="20180712" Time="215309">CalculateField classes_mensal_LEM_buffer_cut Jul_2017 "uncultivated soil" VB #</Process><Process ToolSource="c:\program files (x86)\arcgis\desktop10.6\ArcToolbox\Toolboxes\Data Management Tools.tbx\CalculateField" Date="20180712" Time="215325">CalculateField classes_mensal_LEM_buffer_cut Aug_2017 "uncultivated soil" VB #</Process><Process ToolSource="c:\program files (x86)\arcgis\desktop10.6\ArcToolbox\Toolboxes\Data Management Tools.tbx\CalculateField" Date="20180712" Time="215335">CalculateField classes_mensal_LEM_buffer_cut Sep_2017 "uncultivated soil" VB #</Process><Process ToolSource="c:\program files (x86)\arcgis\desktop10.6\ArcToolbox\Toolboxes\Data Management Tools.tbx\CalculateField" Date="20180712" Time="215346">CalculateField classes_mensal_LEM_buffer_cut Oct_2017 "uncultivated soil" VB #</Process><Process ToolSource="c:\program files (x86)\arcgis\desktop10.6\ArcToolbox\Toolboxes\Data Management Tools.tbx\CalculateField" Date="20180712" Time="215356">CalculateField classes_mensal_LEM_buffer_cut Nov_2017 "uncultivated soil" VB #</Process><Process ToolSource="c:\program files (x86)\arcgis\desktop10.6\ArcToolbox\Toolboxes\Data Management Tools.tbx\CalculateField" Date="20180712" Time="215412">CalculateField classes_mensal_LEM_buffer_cut Dec_2017 "uncultivated soil" VB #</Process><Process ToolSource="c:\program files (x86)\arcgis\desktop10.6\ArcToolbox\Toolboxes\Data Management Tools.tbx\CalculateField" Date="20180712" Time="215424">CalculateField classes_mensal_LEM_buffer_cut Jan_2018 "uncultivated soil" VB #</Process><Process ToolSource="c:\program files (x86)\arcgis\desktop10.6\ArcToolbox\Toolboxes\Data Management Tools.tbx\CalculateField" Date="20180712" Time="215435">CalculateField classes_mensal_LEM_buffer_cut Feb_2018 "uncultivated soil" VB #</Process><Process ToolSource="c:\program files (x86)\arcgis\desktop10.6\ArcToolbox\Toolboxes\Data Management Tools.tbx\CalculateField" Date="20180712" Time="215445">CalculateField classes_mensal_LEM_buffer_cut Mar_2018 "uncultivated soil" VB #</Process><Process ToolSource="c:\program files (x86)\arcgis\desktop10.6\ArcToolbox\Toolboxes\Data Management Tools.tbx\CalculateField" Date="20180712" Time="215502">CalculateField classes_mensal_LEM_buffer_cut Apr_2018 "uncultivated soil" VB #</Process><Process ToolSource="c:\program files (x86)\arcgis\desktop10.6\ArcToolbox\Toolboxes\Data Management Tools.tbx\CalculateField" Date="20180712" Time="215515">CalculateField classes_mensal_LEM_buffer_cut May_2018 "uncultivated soil" VB #</Process><Process ToolSource="c:\program files (x86)\arcgis\desktop10.6\ArcToolbox\Toolboxes\Data Management Tools.tbx\CalculateField" Date="20180712" Time="215526">CalculateField classes_mensal_LEM_buffer_cut Jun_2018 "uncultivated soil" VB #</Process><Process ToolSource="c:\program files (x86)\arcgis\desktop10.6\ArcToolbox\Toolboxes\Data Management Tools.tbx\CalculateField" Date="20180830" Time="233124">CalculateField classes_mensal_LEM_buffer_cut_v2 Id [FID]+1 VB #</Process></lineage><itemProps><itemName Sync="TRUE">classes_mensal_LEM_Buffer1</itemName><imsContentType Sync="TRUE">002</imsContentType><itemLocation><linkage Sync="TRUE">file://\\DESKTOP-3FEVO6A\C$\Users\bruno\Documents\ArcGIS\Default.gdb</linkage><protocol Sync="TRUE">Local Area Network</protocol></itemLocation></itemProps><coordRef><type Sync="TRUE">Projected</type><geogcsn Sync="TRUE">GCS_WGS_1984</geogcsn><csUnits Sync="TRUE">Linear Unit: Meter (1.000000)</csUnits><projcsn Sync="TRUE">WGS_1984_UTM_Zone_23S</projcsn><peXml Sync="TRUE">&lt;ProjectedCoordinateSystem xsi:type='typens:ProjectedCoordinateSystem' xmlns:xsi='http://www.w3.org/2001/XMLSchema-instance' xmlns:xs='http://www.w3.org/2001/XMLSchema' xmlns:typens='http://www.esri.com/schemas/ArcGIS/10.6'&gt;&lt;WKT&gt;PROJCS[&amp;quot;WGS_1984_UTM_Zone_23S&amp;quot;,GEOGCS[&amp;quot;GCS_WGS_1984&amp;quot;,DATUM[&amp;quot;D_WGS_1984&amp;quot;,SPHEROID[&amp;quot;WGS_1984&amp;quot;,6378137.0,298.257223563]],PRIMEM[&amp;quot;Greenwich&amp;quot;,0.0],UNIT[&amp;quot;Degree&amp;quot;,0.0174532925199433]],PROJECTION[&amp;quot;Transverse_Mercator&amp;quot;],PARAMETER[&amp;quot;False_Easting&amp;quot;,500000.0],PARAMETER[&amp;quot;False_Northing&amp;quot;,10000000.0],PARAMETER[&amp;quot;Central_Meridian&amp;quot;,-45.0],PARAMETER[&amp;quot;Scale_Factor&amp;quot;,0.9996],PARAMETER[&amp;quot;Latitude_Of_Origin&amp;quot;,0.0],UNIT[&amp;quot;Meter&amp;quot;,1.0],AUTHORITY[&amp;quot;EPSG&amp;quot;,32723]]&lt;/WKT&gt;&lt;XOrigin&gt;-5120900&lt;/XOrigin&gt;&lt;YOrigin&gt;1900&lt;/YOrigin&gt;&lt;XYScale&gt;10000&lt;/XYScale&gt;&lt;ZOrigin&gt;-100000&lt;/ZOrigin&gt;&lt;ZScale&gt;10000&lt;/ZScale&gt;&lt;MOrigin&gt;-100000&lt;/MOrigin&gt;&lt;MScale&gt;10000&lt;/MScale&gt;&lt;XYTolerance&gt;0.001&lt;/XYTolerance&gt;&lt;ZTolerance&gt;0.001&lt;/ZTolerance&gt;&lt;MTolerance&gt;0.001&lt;/MTolerance&gt;&lt;HighPrecision&gt;true&lt;/HighPrecision&gt;&lt;WKID&gt;32723&lt;/WKID&gt;&lt;LatestWKID&gt;32723&lt;/LatestWKID&gt;&lt;/ProjectedCoordinateSystem&gt;</peXml></coordRef></DataProperties><SyncDate>20180609</SyncDate><SyncTime>18072700</SyncTime><ModDate>20180609</ModDate><ModTime>18072700</ModTime></Esri><dataIdInfo><envirDesc Sync="TRUE"> Version 6.2 (Build 9200) ; Esri ArcGIS 10.6.0.8321</envirDesc><dataLang><languageCode value="por" Sync="TRUE"></languageCode><countryCode value="BRA" Sync="TRUE"></countryCode></dataLang><idCitation><resTitle Sync="TRUE">classes_mensal_LEM_Buffer1</resTitle><presForm><PresFormCd value="005" Sync="TRUE"></PresFormCd></presForm></idCitation><spatRpType><SpatRepTypCd value="001" Sync="TRUE"></SpatRepTypCd></spatRpType></dataIdInfo><mdLang><languageCode value="por" Sync="TRUE"></languageCode><countryCode value="BRA" Sync="TRUE"></countryCode></mdLang><distInfo><distFormat><formatName Sync="TRUE">File Geodatabase Feature Class</formatName></distFormat></distInfo><mdHrLv><ScopeCd value="005" Sync="TRUE"></ScopeCd></mdHrLv><mdHrLvName Sync="TRUE">dataset</mdHrLvName><refSysInfo><RefSystem><refSysID><identCode code="32723" Sync="TRUE"></identCode><idCodeSpace Sync="TRUE">EPSG</idCodeSpace><idVersion Sync="TRUE">2.1(3.0.1)</idVersion></refSysID></RefSystem></refSysInfo><spatRepInfo><VectSpatRep><geometObjs Name="classes_mensal_LEM_Buffer1"><geoObjTyp><GeoObjTypCd value="002" Sync="TRUE"></GeoObjTypCd></geoObjTyp><geoObjCnt Sync="TRUE">0</geoObjCnt></geometObjs><topLvl><TopoLevCd value="001" Sync="TRUE"></TopoLevCd></topLvl></VectSpatRep></spatRepInfo><spdoinfo><ptvctinf><esriterm Name="classes_mensal_LEM_Buffer1"><efeatyp Sync="TRUE">Simple</efeatyp><efeageom code="4" Sync="TRUE"></efeageom><esritopo Sync="TRUE">FALSE</esritopo><efeacnt Sync="TRUE">0</efeacnt><spindex Sync="TRUE">TRUE</spindex><linrefer Sync="TRUE">FALSE</linrefer></esriterm></ptvctinf></spdoinfo><eainfo><detailed Name="classes_mensal_LEM_Buffer1"><enttyp><enttypl Sync="TRUE">classes_mensal_LEM_Buffer1</enttypl><enttypt Sync="TRUE">Feature Class</enttypt><enttypc Sync="TRUE">0</enttypc></enttyp><attr><attrlabl Sync="TRUE">OBJECTID</attrlabl><attalias Sync="TRUE">FID</attalias><attrtype Sync="TRUE">OID</attrtype><attwidth Sync="TRUE">4</attwidth><atprecis Sync="TRUE">0</atprecis><attscale Sync="TRUE">0</attscale><attrdef Sync="TRUE">Internal feature number.</attrdef><attrdefs Sync="TRUE">Esri</attrdefs><attrdomv><udom Sync="TRUE">Sequential unique whole numbers that are automatically generated.</udom></attrdomv></attr><attr><attrlabl Sync="TRUE">Shape</attrlabl><attalias Sync="TRUE">Shape</attalias><attrtype Sync="TRUE">Geometry</attrtype><attwidth Sync="TRUE">0</attwidth><atprecis Sync="TRUE">0</atprecis><attscale Sync="TRUE">0</attscale><attrdef Sync="TRUE">Feature geometry.</attrdef><attrdefs Sync="TRUE">Esri</attrdefs><attrdomv><udom Sync="TRUE">Coordinates defining the features.</udom></attrdomv></attr><attr><attrlabl Sync="TRUE">Id</attrlabl><attalias Sync="TRUE">Id</attalias><attrtype Sync="TRUE">Integer</attrtype><attwidth Sync="TRUE">4</attwidth><atprecis Sync="TRUE">0</atprecis><attscale Sync="TRUE">0</attscale></attr><attr><attrlabl Sync="TRUE">area_ha</attrlabl><attalias Sync="TRUE">area_ha</attalias><attrtype Sync="TRUE">Double</attrtype><attwidth Sync="TRUE">8</attwidth><atprecis Sync="TRUE">0</atprecis><attscale Sync="TRUE">0</attscale></attr><attr><attrlabl Sync="TRUE">Nov_2017</attrlabl><attalias Sync="TRUE">Nov_2017</attalias><attrtype Sync="TRUE">String</attrtype><attwidth Sync="TRUE">50</attwidth><atprecis Sync="TRUE">0</atprecis><attscale Sync="TRUE">0</attscale></attr><attr><attrlabl Sync="TRUE">Jun_2017</attrlabl><attalias Sync="TRUE">Jun_2017</attalias><attrtype Sync="TRUE">String</attrtype><attwidth Sync="TRUE">50</attwidth><atprecis Sync="TRUE">0</atprecis><attscale Sync="TRUE">0</attscale></attr><attr><attrlabl Sync="TRUE">Jul_2017</attrlabl><attalias Sync="TRUE">Jul_2017</attalias><attrtype Sync="TRUE">String</attrtype><attwidth Sync="TRUE">50</attwidth><atprecis Sync="TRUE">0</atprecis><attscale Sync="TRUE">0</attscale></attr><attr><attrlabl Sync="TRUE">Sep_2017</attrlabl><attalias Sync="TRUE">Sep_2017</attalias><attrtype Sync="TRUE">String</attrtype><attwidth Sync="TRUE">50</attwidth><atprecis Sync="TRUE">0</atprecis><attscale Sync="TRUE">0</attscale></attr><attr><attrlabl Sync="TRUE">Dec_2017</attrlabl><attalias Sync="TRUE">Dec_2017</attalias><attrtype Sync="TRUE">String</attrtype><attwidth Sync="TRUE">50</attwidth><atprecis Sync="TRUE">0</atprecis><attscale Sync="TRUE">0</attscale></attr><attr><attrlabl Sync="TRUE">Jan_2018</attrlabl><attalias Sync="TRUE">Jan_2018</attalias><attrtype Sync="TRUE">String</attrtype><attwidth Sync="TRUE">50</attwidth><atprecis Sync="TRUE">0</atprecis><attscale Sync="TRUE">0</attscale></attr><attr><attrlabl Sync="TRUE">Feb_2018</attrlabl><attalias Sync="TRUE">Feb_2018</attalias><attrtype Sync="TRUE">String</attrtype><attwidth Sync="TRUE">50</attwidth><atprecis Sync="TRUE">0</atprecis><attscale Sync="TRUE">0</attscale></attr><attr><attrlabl Sync="TRUE">Mar_2018</attrlabl><attalias Sync="TRUE">Mar_2018</attalias><attrtype Sync="TRUE">String</attrtype><attwidth Sync="TRUE">50</attwidth><atprecis Sync="TRUE">0</atprecis><attscale Sync="TRUE">0</attscale></attr><attr><attrlabl Sync="TRUE">Apr_2018</attrlabl><attalias Sync="TRUE">Apr_2018</attalias><attrtype Sync="TRUE">String</attrtype><attwidth Sync="TRUE">50</attwidth><atprecis Sync="TRUE">0</atprecis><attscale Sync="TRUE">0</attscale></attr><attr><attrlabl Sync="TRUE">May_2018</attrlabl><attalias Sync="TRUE">May_2018</attalias><attrtype Sync="TRUE">String</attrtype><attwidth Sync="TRUE">50</attwidth><atprecis Sync="TRUE">0</atprecis><attscale Sync="TRUE">0</attscale></attr><attr><attrlabl Sync="TRUE">Aug_2017</attrlabl><attalias Sync="TRUE">Aug_2017</attalias><attrtype Sync="TRUE">String</attrtype><attwidth Sync="TRUE">50</attwidth><atprecis Sync="TRUE">0</atprecis><attscale Sync="TRUE">0</attscale></attr><attr><attrlabl Sync="TRUE">Oct_2017</attrlabl><attalias Sync="TRUE">Oct_2017</attalias><attrtype Sync="TRUE">String</attrtype><attwidth Sync="TRUE">50</attwidth><atprecis Sync="TRUE">0</atprecis><attscale Sync="TRUE">0</attscale></attr><attr><attrlabl Sync="TRUE">BUFF_DIST</attrlabl><attalias Sync="TRUE">BUFF_DIST</attalias><attrtype Sync="TRUE">Double</attrtype><attwidth Sync="TRUE">8</attwidth><atprecis Sync="TRUE">0</atprecis><attscale Sync="TRUE">0</attscale></attr><attr><attrlabl Sync="TRUE">ORIG_FID</attrlabl><attalias Sync="TRUE">ORIG_FID</attalias><attrtype Sync="TRUE">Integer</attrtype><attwidth Sync="TRUE">4</attwidth><atprecis Sync="TRUE">0</atprecis><attscale Sync="TRUE">0</attscale></attr><attr><attrlabl Sync="TRUE">Shape_Length</attrlabl><attalias Sync="TRUE">Shape_Length</attalias><attrtype Sync="TRUE">Double</attrtype><attwidth Sync="TRUE">8</attwidth><atprecis Sync="TRUE">0</atprecis><attscale Sync="TRUE">0</attscale><attrdef Sync="TRUE">Length of feature in internal units.</attrdef><attrdefs Sync="TRUE">Esri</attrdefs><attrdomv><udom Sync="TRUE">Positive real numbers that are automatically generated.</udom></attrdomv></attr><attr><attrlabl Sync="TRUE">Shape_Area</attrlabl><attalias Sync="TRUE">Shape_Area</attalias><attrtype Sync="TRUE">Double</attrtype><attwidth Sync="TRUE">8</attwidth><atprecis Sync="TRUE">0</atprecis><attscale Sync="TRUE">0</attscale><attrdef Sync="TRUE">Area of feature in internal units squared.</attrdef><attrdefs Sync="TRUE">Esri</attrdefs><attrdomv><udom Sync="TRUE">Positive real numbers that are automatically generated.</udom></attrdomv></attr></detailed></eainfo><mdDateSt Sync="TRUE">20180609</mdDateSt></metadata>
